{
  "model_type": "SAE",
  "architecture": {
    "input_dim": 1682,
    "hidden_dims": [
      50,
      16
    ],
    "activation": "relu"
  },
  "training_params": {
    "learning_rate": 0.003169858136149111,
    "weight_decay": 1.5277178469850012e-06,
    "dropout_rate": 0.16536822590187028,
    "batch_size": 64,
    "activation": "relu",
    "hidden_dims": [
      50,
      16
    ],
    "n_movies": 1682,
    "model_type": "stacked_autoencoder"
  },
  "final_metrics": {
    "rmse": 0.9317862391471863,
    "mae": 0.7686861157417297,
    "r2_score": 0.04545813798904419,
    "mean_prediction": 3.408210515975952,
    "mean_actual": 3.700552225112915,
    "num_test_ratings": 18474,
    "precision_at_5": 0.0,
    "ndcg_at_5": 0.19595559211074962,
    "precision_at_10": 0.0,
    "ndcg_at_10": 0.22273657608132924,
    "precision_at_20": 0.0,
    "ndcg_at_20": 0.23829041969869677,
    "catalog_coverage": 0.5945303210463734,
    "users_evaluated": 943
  },
  "model_path": "final_model.pt",
  "training_completed": "2025-08-16 06:32:44"
}