{
  "learning_rate": 0.001697529971184091,
  "n_hidden": 89,
  "cd_k": 5,
  "batch_size": 100,
  "l2_penalty": 2.911402261499336e-06,
  "n_movies": 1682,
  "model_type": "restricted_boltzmann_machine"
}